{"cameraMode":{"drawMode":0,"name":"Shaded","section":"Shading Mode"},"sceneLighting":true,"audioPlay":false,"sceneViewState":{"m_AlwaysRefresh":false,"showFog":true,"showSkybox":true,"showFlares":true,"showImageEffects":true,"showParticleSystems":true,"showVisualEffectGraphs":true,"m_FxEnabled":true},"in2DMode":false,"pivot":{"x":0.2896318733692169,"y":-3.3645548820495607,"z":1.5406701564788819},"rotation":{"x":0.010787365958094597,"y":0.7285364270210266,"z":-0.011666228994727135,"w":0.684829831123352},"size":52.32549285888672,"orthographic":true}