{"cameraMode":{"drawMode":0,"name":"Shaded","section":"Shading Mode"},"sceneLighting":true,"audioPlay":false,"sceneViewState":{"m_AlwaysRefresh":false,"showFog":true,"showSkybox":true,"showFlares":true,"showImageEffects":true,"showParticleSystems":true,"showVisualEffectGraphs":true,"m_FxEnabled":true},"in2DMode":false,"pivot":{"x":-0.8256756067276001,"y":5.056998252868652,"z":-2.22650146484375},"rotation":{"x":0.14768798649311067,"y":-0.29623493552207949,"z":0.046280477195978168,"w":0.9425429701805115},"size":136.56797790527345,"orthographic":true}