{"cameraMode":{"drawMode":0,"name":"Shaded","section":"Shading Mode"},"sceneLighting":true,"audioPlay":false,"sceneViewState":{"m_AlwaysRefresh":false,"showFog":true,"showSkybox":true,"showFlares":true,"showImageEffects":true,"showParticleSystems":true,"showVisualEffectGraphs":true,"m_FxEnabled":true},"in2DMode":false,"pivot":{"x":-0.8317633271217346,"y":5.181619644165039,"z":-2.184134006500244},"rotation":{"x":0.5983613133430481,"y":-0.10030240565538407,"z":0.07571262866258621,"w":0.7913683652877808},"size":6.6730427742004398,"orthographic":true}