{"cameraMode":{"drawMode":0,"name":"Shaded","section":"Shading Mode"},"sceneLighting":true,"audioPlay":false,"sceneViewState":{"m_AlwaysRefresh":false,"showFog":true,"showSkybox":true,"showFlares":true,"showImageEffects":true,"showParticleSystems":true,"showVisualEffectGraphs":true,"m_FxEnabled":true},"in2DMode":false,"pivot":{"x":-0.8317633271217346,"y":5.181619644165039,"z":-2.184134006500244},"rotation":{"x":0.33508723974227908,"y":-0.1433848887681961,"z":0.051662564277648929,"w":0.9298211336135864},"size":8.110400199890137,"orthographic":true}