{"cameraMode":{"drawMode":0,"name":"Shaded","section":"Shading Mode"},"sceneLighting":true,"audioPlay":false,"sceneViewState":{"m_AlwaysRefresh":false,"showFog":true,"showSkybox":true,"showFlares":true,"showImageEffects":true,"showParticleSystems":true,"showVisualEffectGraphs":true,"m_FxEnabled":true},"in2DMode":false,"pivot":{"x":-0.8317633271217346,"y":5.181619644165039,"z":-2.184134006500244},"rotation":{"x":0.5352702140808106,"y":-0.013943861238658429,"z":0.00881956983357668,"w":0.844567060470581},"size":15.714875221252442,"orthographic":true}