{"cameraMode":{"drawMode":0,"name":"Shaded","section":"Shading Mode"},"sceneLighting":true,"audioPlay":false,"sceneViewState":{"m_AlwaysRefresh":false,"showFog":true,"showSkybox":true,"showFlares":true,"showImageEffects":true,"showParticleSystems":true,"showVisualEffectGraphs":true,"m_FxEnabled":true},"in2DMode":false,"pivot":{"x":-1.9529461860656739,"y":5.2263641357421879,"z":-2.2022199630737306},"rotation":{"x":0.43159738183021548,"y":0.2295985370874405,"z":-0.1145937517285347,"w":0.8648361563682556},"size":3.8669135570526125,"orthographic":true}